[
  {
    "path": "Arturia - Newsletter.json",
    "article_id": 802,
    "title": "Arturia - Newsletter",
    "summary": "Nice to meet you!",
    "picture": "https://d3k81ch9hvuctc.cloudfront.net/company/S7EvMw/images/77ee66f2-e268-4b53-b0f3-15864fdfbfbb.png",
    "category_id": 96,
    "origin_source": "",
    "readcount": 67,
    "user_id": 107,
    "secret": 0,
    "level": 10,
    "created_at": 1645697464,
    "updated_at": 1645865828,
    "deleted_at": 0,
    "tags": [
      {
        "tag_id": 74,
        "name": "券包",
        "picture": "",
        "desc": "券包",
        "created_at": 1576227276,
        "user_id": 77,
        "updated_at": 0,
        "deleted_at": 0
      }
    ]
  },
  {
    "path": "Food.json",
    "article_id": 472,
    "title": "Welcome to Easy-email",
    "summary": "Nice to meet you!",
    "picture": "https://d3k81ch9hvuctc.cloudfront.net/company/S7EvMw/images/9e400248-84ea-453c-beea-e7120b340f3c.png",
    "category_id": 90,
    "origin_source": "",
    "readcount": 897,
    "user_id": 77,
    "secret": 0,
    "level": 10,
    "created_at": 1621128824,
    "updated_at": 1637740265,
    "deleted_at": 0,
    "tags": [
      {
        "tag_id": 74,
        "name": "券包",
        "picture": "",
        "desc": "券包",
        "created_at": 1576227276,
        "user_id": 77,
        "updated_at": 0,
        "deleted_at": 0
      }
    ]
  },
  {
    "path": "MJML Code - Newsletter.json",
    "article_id": 807,
    "title": "MJML Code - Newsletter",
    "summary": "Nice to meet you!",
    "picture": "https://d3k81ch9hvuctc.cloudfront.net/company/S7EvMw/images/de4d139c-a137-479f-99f1-80c971eb69b2.png",
    "category_id": 96,
    "origin_source": "",
    "readcount": 14,
    "user_id": 107,
    "secret": 0,
    "level": 10,
    "created_at": 1645697987,
    "updated_at": 1645865791,
    "deleted_at": 0,
    "tags": [
      {
        "tag_id": 74,
        "name": "券包",
        "picture": "",
        "desc": "券包",
        "created_at": 1576227276,
        "user_id": 77,
        "updated_at": 0,
        "deleted_at": 0
      }
    ]
  },
  {
    "path": "Racoon - Ecommerce.json",
    "article_id": 775,
    "title": "Racoon - Ecommerce",
    "summary": "PRETEXT",
    "picture": "https://d3k81ch9hvuctc.cloudfront.net/company/S7EvMw/images/821cbaa1-ebcf-476e-acc2-bb97a1edd316.png",
    "category_id": 96,
    "origin_source": "",
    "readcount": 235,
    "user_id": 107,
    "secret": 0,
    "level": 10,
    "created_at": 1644590955,
    "updated_at": 1647252189,
    "deleted_at": 0,
    "tags": [
      {
        "tag_id": 74,
        "name": "券包",
        "picture": "",
        "desc": "券包",
        "created_at": 1576227276,
        "user_id": 77,
        "updated_at": 0,
        "deleted_at": 0
      }
    ]
  },
  {
    "path": "Real Estate.json",
    "article_id": 622,
    "title": "Welcome to Easy-email",
    "summary": "Nice to meet you!",
    "picture": "https://d3k81ch9hvuctc.cloudfront.net/company/S7EvMw/images/b6540c00-7f56-46e6-aa65-48f163a177c9.png",
    "category_id": 90,
    "origin_source": "",
    "readcount": 538,
    "user_id": 77,
    "secret": 0,
    "level": 10,
    "created_at": 1633245055,
    "updated_at": 1633245055,
    "deleted_at": 0,
    "tags": [
      {
        "tag_id": 74,
        "name": "券包",
        "picture": "",
        "desc": "券包",
        "created_at": 1576227276,
        "user_id": 77,
        "updated_at": 0,
        "deleted_at": 0
      }
    ]
  },
  {
    "path": "Shop - Newsletter.json",
    "article_id": 817,
    "title": "Shop - Newsletter",
    "summary": "Nice to meet you!",
    "picture": "https://d3k81ch9hvuctc.cloudfront.net/company/S7EvMw/images/871a3262-0390-487d-968b-b7800c672877.png",
    "category_id": 96,
    "origin_source": "",
    "readcount": 24,
    "user_id": 107,
    "secret": 0,
    "level": 10,
    "created_at": 1645698710,
    "updated_at": 1645793559,
    "deleted_at": 0,
    "tags": [
      {
        "tag_id": 74,
        "name": "券包",
        "picture": "",
        "desc": "券包",
        "created_at": 1576227276,
        "user_id": 77,
        "updated_at": 0,
        "deleted_at": 0
      }
    ]
  },
  {
    "path": "Sphero - Newsletter.json",
    "article_id": 815,
    "title": "Sphero - Newsletter",
    "summary": "Nice to meet you!",
    "picture": "https://d3k81ch9hvuctc.cloudfront.net/company/S7EvMw/images/48cb976e-1632-4318-82c5-44427e385ff5.png",
    "category_id": 96,
    "origin_source": "",
    "readcount": 11,
    "user_id": 107,
    "secret": 0,
    "level": 10,
    "created_at": 1645698574,
    "updated_at": 1645865730,
    "deleted_at": 0,
    "tags": [
      {
        "tag_id": 74,
        "name": "券包",
        "picture": "",
        "desc": "券包",
        "created_at": 1576227276,
        "user_id": 77,
        "updated_at": 0,
        "deleted_at": 0
      }
    ]
  },
  {
    "path": "Star Wars.json",
    "article_id": 814,
    "title": "Star Wars",
    "summary": "Nice to meet you!",
    "picture": "https://d3k81ch9hvuctc.cloudfront.net/company/S7EvMw/images/6a9469b5-f515-44de-b3dd-466319134a1c.png",
    "category_id": 96,
    "origin_source": "",
    "readcount": 12,
    "user_id": 107,
    "secret": 0,
    "level": 10,
    "created_at": 1645698522,
    "updated_at": 1645865738,
    "deleted_at": 0,
    "tags": [
      {
        "tag_id": 74,
        "name": "券包",
        "picture": "",
        "desc": "券包",
        "created_at": 1576227276,
        "user_id": 77,
        "updated_at": 0,
        "deleted_at": 0
      }
    ]
  },
  {
    "path": "Stay Updated On Our Shopping.json",
    "article_id": 618,
    "title": "Welcome to Easy-email",
    "summary": "Nice to meet you!",
    "picture": "https://d3k81ch9hvuctc.cloudfront.net/company/S7EvMw/images/1484a2b2-fdfc-47cb-a0cd-68d6dae49605.png",
    "category_id": 90,
    "origin_source": "",
    "readcount": 142,
    "user_id": 77,
    "secret": 0,
    "level": 10,
    "created_at": 1633079548,
    "updated_at": 1633079548,
    "deleted_at": 0,
    "tags": [
      {
        "tag_id": 74,
        "name": "券包",
        "picture": "",
        "desc": "券包",
        "created_at": 1576227276,
        "user_id": 77,
        "updated_at": 0,
        "deleted_at": 0
      }
    ]
  },
  {
    "path": "We Serve Healthy & Delicious Foods.json",
    "article_id": 605,
    "title": "Welcome to Easy-email",
    "summary": "Nice to meet you!",
    "picture": "https://d3k81ch9hvuctc.cloudfront.net/company/S7EvMw/images/5f5dad1b-4ad5-4a03-a6ef-b1f051dbfce7.png",
    "category_id": 90,
    "origin_source": "",
    "readcount": 590,
    "user_id": 77,
    "secret": 0,
    "level": 10,
    "created_at": 1632730234,
    "updated_at": 1632894907,
    "deleted_at": 0,
    "tags": [
      {
        "tag_id": 74,
        "name": "券包",
        "picture": "",
        "desc": "券包",
        "created_at": 1576227276,
        "user_id": 77,
        "updated_at": 0,
        "deleted_at": 0
      }
    ]
  }
]
